{"Omega": [1.0, 1.0166666666666666, 1.0333333333333334, 1.05, 1.0666666666666667, 1.0833333333333333, 1.1, 1.1166666666666667, 1.1333333333333333, 1.15, 1.1666666666666667, 1.1833333333333333, 1.2, 1.2166666666666668, 1.2333333333333334, 1.25, 1.2666666666666666, 1.2833333333333332, 1.3, 1.3166666666666667, 1.3333333333333333, 1.35, 1.3666666666666667, 1.3833333333333333, 1.4, 1.4166666666666667, 1.4333333333333333, 1.45, 1.4666666666666668, 1.4833333333333334, 1.5, 1.5166666666666666, 1.5333333333333332, 1.55, 1.5666666666666667, 1.5833333333333335, 1.6, 1.6166666666666667, 1.6333333333333333, 1.65, 1.6666666666666665, 1.6833333333333333, 1.7, 1.7166666666666668, 1.7333333333333334, 1.75, 1.7666666666666666, 1.7833333333333332, 1.8, 1.8166666666666667, 1.8333333333333335, 1.85, 1.8666666666666667, 1.8833333333333333, 1.9, 1.9166666666666665, 1.9333333333333333, 1.95, 1.9666666666666668, 1.9833333333333334], "Loops to Convergence": [1588.0, 1544.0, 1501.0, 1459.0, 1418.0, 1378.0, 1339.0, 1301.0, 1264.0, 1227.0, 1192.0, 1157.0, 1123.0, 1090.0, 1058.0, 1026.0, 995.0, 964.0, 934.0, 905.0, 876.0, 848.0, 820.0, 793.0, 766.0, 740.0, 714.0, 688.0, 663.0, 639.0, 614.0, 590.0, 567.0, 544.0, 521.0, 498.0, 475.0, 453.0, 431.0, 410.0, 388.0, 367.0, 346.0, 324.0, 303.0, 283.0, 262.0, 240.0, 219.0, 197.0, 175.0, 151.0, 125.0, 93.0, 110.0, 133.0, 167.0, 225.0, 341.0, 688.0]}